output,real
"The vulnerability is in the `netPrimeDebtChange` variable assignment. The code is not checking if the `accountPrimeStorageValue` is within the valid range of `int256` type. \n\nAn attacker could potentially exploit this by providing a large `accountPrimeStorageValue` that exceeds the maximum value that can be stored in an `int256` variable, causing an overflow. This could lead to unexpected behavior, such as incorrect calculations or even a contract crash.\n\nDescription of how an attacker would take advantage of the vulnerability:\nAn attacker could try to manipulate the `accountPrimeStorageValue` variable to a very large value, exceeding the maximum value that can be stored in an `int256` variable. This could be done by calling the function with a carefully crafted input, potentially by manipulating the `accountPrimeStorageValue` variable in a previous transaction. The attacker could then observe the behavior of the contract and potentially exploit the overflow to achieve their goals, such as stealing funds or disrupting the contract's functionality.","The `repayAccountPrimeDebtAtSettlement()` function is responsible for calculating the residual cash to be refunded to a user when settling a Vault Account. However, an incorrect calculation of the `primeCashRefund` value is performed, resulting in the loss of the user's residual cash. Specifically, the code contains a logical error in the calculation of `primeCashRefund`, where the subtraction operation is performed on the `netPrimeDebtChange` variable, which is set to `accountPrimeStorageValue` instead of the intended `netPrimeDebtRepaid` value. This causes the `primeCashRefund` value to always equal 0, effectively preventing the refund of the residual cash to the user."
"The vulnerability is in the `claimableUnlockedCapital` function in the `DefaultStateManager.sol` file. The function is used to calculate the claimable unlocked capital for a seller based on the token balance and total supply at a specific snapshot ID.\n\nThe vulnerability is in the way the `_poolSToken.balanceOfAt(_seller, _snapshotId)` and `_poolSToken.totalSupplyAt(_snapshotId)` are used. These functions are not properly validated, which allows an attacker to manipulate the calculation of the claimable unlocked capital.\n\nAttack vector:\nAn attacker can manipulate the claimable unlocked capital by creating a new snapshot with a different balance and total supply for the `_poolSToken` token. This can be done by calling the `_snapshot()` function in the `DefaultStateManager.sol` file and providing a different balance and total supply for the `_poolSToken` token.\n\nBy doing so, the attacker can calculate the claimable unlocked capital based on the manipulated balance and total supply, which can result in an incorrect calculation of the claimable unlocked capital. This can lead to an attacker being able to claim more unlocked capital than they should be able to, or even claim unlocked capital that does not belong to them.\n\nThe vulnerability is due to the lack of proper validation of the `_poolSToken.balanceOfAt(_seller, _snapshotId)` and `_poolSToken.totalSupplyAt(_snapshotId)` functions, which allows an attacker to manipulate the calculation of the claimable unlocked capital.","The `lockCapital` mechanism in the ProtectionPool contract is vulnerable to manipulation by an attacker who can exploit the predictability of the timestamp when the pool switches to the `Late` state. This allows the attacker to use a flash loan from a secondary market, such as Uniswap, to claim a share of the potential unlock of capital.\n\nThe attacker can predict the timestamp when the pool will switch to `Late` and use this information to call the `assessState` function, which is publicly callable. This triggers the pool to move from the `Active/LateWithinGracePeriod` state to the `Late` state, causing the `lockCapital` function to be executed on the ProtectionPool.\n\nThe attacker can then use the flash loan to acquire the sTokens at the predicted timestamp, effectively becoming the holder of record for the sTokens at the snapshot taken by the ProtectionPool. This allows the attacker to claim the locked funds at the potential unlock, as the claimable amount is calculated based on the snapshot balance of the attacker's sTokens.\n\nThe attacker's ability to manipulate the `lockCapital` mechanism is facilitated by the fact that the `lockCapital` function is triggered by the `assessState` function, which is publicly callable. This allows the attacker to predict the timestamp when the pool will switch to `Late` and take advantage of the situation by acquiring the sTokens at the predicted timestamp."
"The vulnerability is in the `_update` function. The function is called externally and is not reentrant, which means that it cannot be called recursively. However, the `_settle` function is called within `_update` and it is also not reentrant. This can lead to a reentrancy attack.\n\nAn attacker can create a contract that calls the `_update` function repeatedly, which will cause the `_settle` function to be called repeatedly. The `_settle` function will then call `_processPositionGlobal` which will update the `_pendingPositions` mapping. The attacker can then call the `_update` function again, which will cause the `_settle` function to be called again, and so on.\n\nThis can lead to a denial-of-service (DoS) attack, as the contract will be stuck in an infinite loop, consuming gas and resources.","The vulnerability occurs when the `_invariant` function is bypassed for protected position updates, allowing an attacker to exploit the system by sending a large number of pending position updates. This can lead to a denial-of-service (DoS) attack, as the system becomes overwhelmed by the excessive pending updates.\n\nThe `_invariant` function checks for a limit on the number of pending position updates, but this check is bypassed for protected position updates. This allows an attacker to send a large number of pending updates, which can cause the system to become overwhelmed and eventually revert with an error.\n\nThe `_settle` function is responsible for settling the pending position updates, but it does not check for the limit on pending updates. This means that an attacker can continue to send pending updates, causing the system to become increasingly overwhelmed.\n\nThe `update` function is the entry point for updating positions, and it calls the `_settle` function before updating the positions. This means that the system will become overwhelmed by pending updates, leading to a denial-of-service attack.\n\nThe attacker can exploit this vulnerability by sending a large number of pending position updates, which will cause the system to become overwhelmed and eventually revert with an error."
"The codeblock contains a vulnerability in the form of a potential reentrancy attack.\n\nThe vulnerability lies in the fact that the function `max` does not check if the input values `a` and `b` are within the maximum value that can be stored in a `uint256` variable. If an attacker were to pass in a value that is larger than the maximum value that can be stored in a `uint256` variable, the function would return an incorrect result, potentially leading to a reentrancy attack.\n\nAn attacker could take advantage of this vulnerability by passing in a value that is larger than the maximum value that can be stored in a `uint256` variable, causing the function to return an incorrect result. This could potentially allow the attacker to manipulate the function's output and gain unauthorized access to the contract's funds.",
"The vulnerability is in the `_credit` function. The function allows an attacker to manipulate the `_locals` mapping by calling the `update` function with the `self-liquidate` flag set to `true`. This allows the attacker to credit the `liquidators` and `referrers` mappings with arbitrary amounts, potentially leading to a reentrancy attack.\n\nHow an attacker would take advantage of the vulnerability:\nAn attacker could exploit this vulnerability by calling the `update` function with the `self-liquidate` flag set to `true` and manipulating the `_locals` mapping to credit the `liquidators` and `referrers` mappings with arbitrary amounts. This could allow the attacker to drain the funds from the contract by repeatedly calling the `update` function and manipulating the `_locals` mapping.\n\nNote: The vulnerability is not present in the provided test code, but it is present in the `_credit` function.","The vulnerability arises when the account being liquidated or referred is the same as the account's own address. During the market settlement process, the `local.claimable` storage is credited to the liquidator or referral's account. However, the in-memory cached copy of the account's local storage is not updated to reflect the changes made to `local.claimable` during the settlement process. This cached copy is then saved to storage, effectively discarding the updated `local.claimable` value.\n\nAs a result, when the account is the same as the liquidator or referral, the liquidation or referral fees are lost, as the updated `local.claimable` value is not reflected in the cached copy. This issue occurs because the cached copy of the account's local storage is overwritten after the settlement process, discarding the updated `local.claimable` value.\n\nThe `_storeContext` function stores the cached copy of the account's local storage, which is not updated to reflect the changes made to `local.claimable` during the settlement process. This leads to the loss of liquidation or referral fees when the account is the same as the liquidator or referral."
"The code is vulnerable to a reentrancy attack.\n\nThe vulnerability lies in the fact that the `_totalDelegated[holder] += delegation.amount` line is not checked for overflow. This allows an attacker to manipulate the `_totalDelegated` mapping by repeatedly calling the function and increasing the value of `_totalDelegated[holder]` until it exceeds `_purchased[holder]`, triggering the `purchasedToUnlocked` function.\n\nAn attacker could take advantage of this vulnerability by repeatedly calling the function with a large `delegation.amount` value, effectively increasing the `_totalDelegated[holder]` value until it reaches `_purchased[holder]`. This would allow the attacker to unlock the `_purchased[holder]` value without actually purchasing it.","This vulnerability occurs when the tokens are not properly unlocked after the delegation period ends. Specifically, the tokens are only unlocked if at least 50% of the tokens purchased during the initial launch are undelegated, rather than all tokens being unlocked after three months since at least 50% of tokens are delegated. This discrepancy can lead to inconsistent and unexpected behavior in the token unlocking mechanism.\n\nThe code snippet provided, which is part of the delegation logic, appears to be the root cause of this issue. The condition `if (_totalDelegated[holder] >= _purchased[holder])` checks if the total delegated tokens for a holder exceeds the total purchased tokens, and if so, calls the `purchasedToUnlocked` function. However, this condition is only met if the holder has undelegated at least 50% of the tokens purchased during the initial launch, rather than all tokens being unlocked after the three-month mark."
"The codeblock is vulnerable to a reentrancy attack.\n\nThe `_isBlackListedBot` mapping is not checked for reentrancy. This means that an attacker can create a contract that calls the `isBlackListed` function repeatedly, allowing them to manipulate the state of the contract and potentially steal funds.\n\nHow an attacker would take advantage of the vulnerability:\n\n1. The attacker creates a contract that calls the `isBlackListed` function repeatedly.\n2. The attacker's contract is designed to manipulate the state of the contract and potentially steal funds.\n3. The attacker's contract is deployed and the `isBlackListed` function is called repeatedly.\n4. The attacker's contract is able to manipulate the state of the contract and potentially steal funds.\n\nNote: This is a very basic example and the actual attack would likely be more complex.",
"The vulnerability is in the `getLoanLender` function. The function returns the lender of a loan, but it does not check if the lender is a contract or not. This allows an attacker to manipulate the lender's address to point to a contract that can be controlled by the attacker.\n\nHow an attacker would take advantage of the vulnerability:\nAn attacker can create a contract that implements the `ILenderManager` interface and sets its owner to themselves. Then, they can call the `getLoanLender` function with a valid `_bidId` to get the lender's address. Since the function does not check if the lender is a contract, the attacker can set the lender's address to their own contract. This allows the attacker to claim the loan and receive the payment.\n\nThe attacker can do this by calling the `claimLoanNFT` function with the `_bidId` and their own contract's address as the lender. The `claimLoanNFT` function will register the loan with the attacker's contract and set the lender's address to the attacker's contract. Then, the attacker can call the `getLoanLender` function to get the lender's address, which will be their own contract.","The `setLenderManager` function, used to update the lender manager address of a contract, can lead to unintended consequences when combined with the `claimLoanNFT` and `getLoanLender` functions. Specifically, when the lender manager is changed, repaid assets will be sent to the old lender manager, potentially resulting in the loss of assets belonging to the original lender.\n\nThis issue arises because the `claimLoanNFT` function updates the `bid.lender` variable to point to the new lender manager, while the `getLoanLender` function relies on this variable to determine the lender's identity. When the lender manager is changed, the `getLoanLender` function will incorrectly identify the old lender manager as the lender, leading to the repaid assets being sent to the wrong address.\n\nIn the `getLoanLender` function, the `lender_` variable is initially set to the value of `bid.lender`, which is the address of the lender manager. However, when the lender manager is changed, this value remains outdated, causing the function to return the old lender manager's address instead of the correct lender's address. As a result, the repaid assets are sent to the old lender manager, rather than the original lender, resulting in a loss of assets."
"The code is vulnerable to a denial-of-service (DoS) attack.\n\nThe vulnerability lies in the fact that the `require` statement checks if the `currentAllowance` is greater than or equal to `subtractedValue`. If the `subtractedValue` is set to a large number, it can cause the `currentAllowance` to be decreased to a very low value, potentially even below zero. This can lead to a denial-of-service (DoS) attack, as the contract will throw an error and stop functioning.\n\nAn attacker could take advantage of this vulnerability by setting the `subtractedValue` to a large number, causing the `currentAllowance` to be decreased to a very low value. This could potentially cause the contract to stop functioning, leading to a denial-of-service (DoS) attack.","The vulnerability allows a malicious spender to manipulate the token allowance by front-running calls to modify the allowance, leading to unintended spending and denial-of-service attacks. This occurs due to a race condition in the `ERC20::approve` implementation and its variants, which update the allowance mapping in storage.\n\nWhen a spender updates their allowance to a value less than the current allowance, a malicious actor can exploit this vulnerability by front-running the update transaction. This allows the spender to spend the existing allowance plus any additional allowance set by the in-flight transaction, exceeding the intended limit.\n\nFor instance, consider a scenario where Alice approves Bob for 100 tokens, and then decides to decrease the allowance to 50. A malicious actor can front-run the update transaction, allowing Bob to spend the entire 100 tokens. When Alice's transaction executes, Bob's allowance is updated to 50, but the malicious actor can still spend the remaining 50 tokens, resulting in a total of 100 tokens spent, exceeding the intended limit of 50.\n\nThe `decreaseTokenAllowance` functions, introduced in the `TokenFacet` and `ApprovalFacet`, are susceptible to this vulnerability. These functions halt execution and revert when the caller attempts to decrease the allowance below zero, rather than setting the allowance to zero. This allows a malicious actor to force the execution to revert, violating the intention of the caller to decrease the allowance.\n\nIn another scenario, Alice approves Bob for 100 tokens, and then decides to decrease the allowance to 50. A malicious actor can front-run the update transaction, spending 60 tokens. When Alice's transaction executes, it reverts due to the allowance being decreased below zero. The malicious actor can then spend the remaining 40 tokens, resulting in a total of 100 tokens spent, exceeding the intended limit of 50."
"The vulnerability is in the `_burn` function. The function is supposed to burn a certain amount of assets and emissions, but it does not check if the `_receiver` is a valid address. This allows an attacker to specify any address as the `_receiver` and potentially steal the assets and emissions.\n\nHow an attacker would take advantage of the vulnerability:\nAn attacker could call the `_burn` function with a malicious `_receiver` address, which would allow them to steal the assets and emissions intended for the original receiver. This could be done by calling the `_burn` function with a `_receiver` address that is controlled by the attacker, or by manipulating the `_receiver` variable in the `_burn` function to point to the attacker's address.\n\nFor example, if the `_burn` function is called with `_owner` = `0x123456789`, `_id` = `1`, and `_assets` = `100`, the attacker could specify `_receiver` = `0x987654321` to steal the assets and emissions intended for the original receiver.","When a user initiates a rollover, they are expected to receive the total amount of shares they are entitled to, including any winnings from the previous epoch. However, the `mintRollovers` function does not accurately reflect this expectation. Instead, it mints only the original assets requested for rollover, without considering the user's winnings.\n\nThe issue arises when the function checks if the user won the previous epoch and proceeds to burn all the shares they requested to roll. Although the user is entitled to receive the total amount of shares, including their winnings, the function only mints the original assets, leaving the user with an incomplete share of their winnings.\n\nThis discrepancy occurs because the function mints `assetsToMint`, which is calculated as the difference between the original assets requested for rollover and the relayer fee, rather than the total amount of shares the user is entitled to. As a result, the user is unable to claim their winnings from the previous epoch, which is a critical aspect of the rollover process.\n\nIn contrast, when a user withdraws their shares, the `withdraw` function accurately reflects their total entitlement, including their winnings, by burning the original assets and sending the entitled shares. This highlights the inconsistency in the `mintRollovers` function, which fails to provide the user with their complete winnings."
"The code is vulnerable to a reentrancy attack.\n\nThe vulnerability lies in the line `currentMinted[msg.sender] = accountMinted - amount;`. The `msg.sender` is not the account that is being decreased, but the current contract's owner. This allows an attacker to repeatedly call the `_decreaseCurrentMinted` function, decreasing the `currentMinted` balance of the contract's owner, while increasing their own balance.\n\nAttack scenario:\nAn attacker can take advantage of this vulnerability by calling the `_decreaseCurrentMinted` function repeatedly, decreasing the `currentMinted` balance of the contract's owner, while increasing their own balance. This can be done by creating a recursive function that calls `_decreaseCurrentMinted` repeatedly, effectively draining the contract's owner's balance.\n\nFor example, an attacker can create a contract that calls `_decreaseCurrentMinted` repeatedly, like this:\n```\ncontract Attacker {\n    function attack() public {\n        _decreaseCurrentMinted(msg.sender, 1);\n        _decreaseCurrentMinted(msg.sender, 1);\n        //...\n    }\n}\n```\nBy calling the `attack` function repeatedly, the attacker can drain the contract's owner's balance, effectively stealing their tokens.","The vulnerability lies in the way the `currentMinted` value is updated when the Vault burns TAU tokens. Specifically, when the Vault acts on behalf of a user to burn TAU, the `_decreaseCurrentMinted` function is called, which incorrectly updates the `currentMinted` value.\n\nThe issue arises because the function subtracts the `accountMinted` value from `currentMinted[msg.sender]`, where `accountMinted` is the current minted value for the account that is burning the TAU. However, when the Vault is acting on behalf of the user, the `account` variable does not match the `msg.sender`, resulting in `accountMinted` being set to 0. Consequently, the `currentMinted` value for the Vault is not reduced, rendering the mint limit ineffective.\n\nFurthermore, this vulnerability can be exploited by users who transfer their TAU between accounts. In such cases, the `amount` burned may exceed the `accountMinted` value, which would not trigger the `amount > accountMinted` condition. This allows users to bypass the intended mint limit and potentially mint more tokens than intended."
"The vulnerability is in the `_awardExternalErc721s` function. The function iterates over the `externalErc721s` set and calls the `awardExternalERC721` function for each token. However, it does not check if the `externalErc721s` set has been modified during the iteration. This can lead to a reentrancy vulnerability.\n\nAn attacker can exploit this by calling the `addExternalErc721Award` function multiple times, adding the same token to the `externalErc721s` set, and then calling the `_awardExternalErc721s` function. The `_awardExternalErc721s` function will continue to iterate over the `externalErc721s` set, calling the `awardExternalERC721` function for each token, including the ones that were added after the iteration started. This can result in the attacker receiving multiple awards of the same token.\n\nThe attacker can take advantage of this vulnerability by repeatedly calling the `addExternalErc721Award` function, adding the same token to the `externalErc721s` set, and then calling the `_awardExternalErc721s` function.","The `addExternalErc721Award` function in the PeriodicPriceStrategy contract allows the prize-strategy owner or listener to add an external ERC721 token as an additional prize that can be awarded. This function does not validate whether the provided `tokenIds` are unique or if they are actually owned by the PrizePool contract. This lack of validation can lead to an exception when the `_awardExternalErc721s` function attempts to transfer an invalid or previously transferred token, thereby blocking the award phase.\n\nWhen the `_awardExternalErc721s` function is called, it iterates through the list of external ERC721 tokens and their corresponding token IDs. If a duplicate `tokenId` or an invalid `tokenId` is encountered, the function will throw an exception, preventing the award phase from proceeding. This can be resolved by removing and re-adding the ERC721 token from the awards list.\n\nThe `awardExternalERC721` function is responsible for transferring the external ERC721 tokens to the winner. It checks if the provided `tokenIds` are valid and owned by the PrizePool contract before transferring them. If the `tokenIds` are invalid or not owned by the PrizePool, the function will throw an exception, preventing the transfer of the tokens."
"The codeblock contains a vulnerability in the `add` function. The function is supposed to add two `uint256` values and return the result. However, the `require` statement checks if the result is greater than or equal to the first input `a`, which is not a correct check for an addition overflow.\n\nExplanation:\nIn Solidity, `uint256` is an unsigned 256-bit integer. When adding two `uint256` values, the result can exceed the maximum value that can be represented by a `uint256` (2^256 - 1). In such cases, the result will ""wrap around"" and become a very large number, which is not what the user expects.\n\nAttack vector:\nAn attacker can take advantage of this vulnerability by providing two large `uint256` values that, when added, would result in a value greater than 2^256 - 1. The `require` statement will fail, and the contract will revert, allowing the attacker to manipulate the contract's behavior.\n\nFor example, if the attacker calls the `add` function with `a = 2^255` and `b = 1`, the result would be `2^256`, which is greater than the maximum value that can be represented by a `uint256`. The `require` statement would fail, and the contract would revert.",
"The codeblock contains a vulnerability in the form of a potential division by zero error. The comment ""Solidity already throws when dividing by 0"" is misleading, as it does not account for the case where `b` is `-1` and `a` is `MIN_INT256`.\n\nThe `require` statement checks if `b` is not equal to `-1` or if `a` is not equal to `MIN_INT256`, but it does not check for division by zero. If `b` is `-1` and `a` is `MIN_INT256`, the function will still attempt to divide by zero, which will result in a runtime error.\n\nAn attacker could take advantage of this vulnerability by calling the `div` function with `a` set to `MIN_INT256` and `b` set to `-1`, which would cause the function to throw an error.",
"The vulnerability is in the `vm.prank(owner);` line. This line is used to simulate a transaction from the `owner` address, but it does not check if the `owner` address has sufficient ETH balance to perform the transaction.\n\nDescription of how an attacker could take advantage of the vulnerability:\nAn attacker could take advantage of this vulnerability by setting the `MAINNET_RPC_URL` environment variable to a URL that allows them to manipulate the blockchain state. They could then use the `vm.prank(owner);` line to simulate a transaction from the `owner` address, even if the `owner` address does not have sufficient ETH balance. This could allow the attacker to burn the `rEth` tokens without actually having the necessary ETH balance, which could have unintended consequences on the contract's state and potentially lead to a loss of funds.\n\nNote: This is a vulnerability in the testing environment, not in the actual contract code.","The vulnerability in Rocket Pool's unstaking mechanism allows for the possibility of failed unstaking transactions when the rEth contract and deposit pool are depleted. This occurs when users attempt to unstake their Ethereum (ETH) using Rocket Pool, as the protocol relies on these pools to source ETH for unstaking. If the pools are empty, Rocket Pool is unable to satisfy the unstake request, resulting in the transaction reverting.\n\nIn the event that the rEth contract and deposit pool are exhausted, users may encounter an ""Insufficient ETH balance for exchange"" error when attempting to unstake their ETH. This is because Rocket Pool's ability to unstake ETH is directly tied to the availability of ETH in these pools. When the pools are empty, Rocket Pool is unable to fulfill unstake requests, leading to failed transactions.\n\nThis vulnerability highlights the importance of monitoring the rEth contract and deposit pool's ETH balances to ensure that they remain sufficient to meet unstaking demands."
